{"EditorX":-355.0,"EditorY":-192.25,"EditorZ":2.0,"Nodes":[{"NodeID":0,"X":-196.0,"Y":5.500000000000028},{"NodeID":1,"X":12.0,"Y":-98.49999999999999},{"NodeID":2,"X":15.0,"Y":-24.5}]}