{"EditorX":-415.1618762365997,"EditorY":-265.33802476371017,"EditorZ":1.2599210498948739,"Nodes":[{"NodeID":0,"X":-303.0,"Y":-113.49999999999997},{"NodeID":1,"X":119.0,"Y":-163.0},{"NodeID":10,"X":-95.0,"Y":-113.49999999999999},{"NodeID":5,"X":113.0,"Y":-39.5}]}