{
  "name": "new_project",
  "sectors": [
    {
      "name": "new_group",
      "level": 1,
      "min": {
        "x": -1653.9288330078,
        "y": 2793.9604492188,
        "z": -142.36806678772
      },
      "max": {
        "x": -1353.9288330078,
        "y": 3093.9604492188,
        "z": 157.63193321228
      },
      "nodes": [
        {
          "primaryRange": 100,
          "scale": { "x": 1, "y": 1, "z": 1 },
          "position": {
            "z": 7.6319332122803,
            "x": -1503.9288330078,
            "y": 2943.9604492188,
            "w": 0
          },
          "data": {
            "spawnOnStart": 1,
            "objectRecordId": {
              "$storage": "string",
              "$value": "Vehicle.sq004_deco_nomad_car"
            },
            "appearanceName": {
              "$storage": "string",
              "$value": "thorton_colby__basic_burnt_01"
            }
          },
          "uk10": 1056,
          "rotation": {
            "k": -0.29115626215935,
            "r": 0.95667558908463,
            "i": 0,
            "j": 0
          },
          "type": "worldPopulationSpawnerNode",
          "name": "Vehicle.sq004_deco_nomad_car",
          "secondaryRange": 120,
          "uk11": 512
        }
      ],
      "category": "Exterior"
    }
  ]
}
