{"EditorX":-355.0728139001172,"EditorY":-219.35178442394567,"EditorZ":1.5874010519682005,"Nodes":[{"NodeID":0,"X":-196.0,"Y":5.500000000000028},{"NodeID":1,"X":13.5,"Y":-39.5},{"NodeID":1000,"X":12.0,"Y":-113.49999999999999}]}