{"EditorX":-693.523389280724,"EditorY":-309.71006514847636,"EditorZ":1.2599210498948734,"Nodes":[{"NodeID":0,"X":-196.0,"Y":5.500000000000028},{"NodeID":1,"X":13.5,"Y":-39.5},{"NodeID":1000,"X":12.0,"Y":-113.49999999999999}]}