{"EditorX":-438.3232076090414,"EditorY":-237.8981895122445,"EditorZ":1.5874010519682005,"Nodes":[{"NodeID":0,"X":-196.0,"Y":-68.5},{"NodeID":2,"X":37.5,"Y":5.5},{"NodeID":4,"X":12.0,"Y":-68.5}]}