{"EditorX":-537.6547892930618,"EditorY":-202.88094740126155,"EditorZ":2.0,"Nodes":[{"NodeID":0,"X":-361.0,"Y":-31.499999999999986},{"NodeID":2,"X":125.0,"Y":-56.00000000000002},{"NodeID":3,"X":-153.0,"Y":-76.5}]}