{"EditorX":-520.5,"EditorY":-206.0,"EditorZ":2.0,"Nodes":[{"NodeID":0,"X":-297.0,"Y":-113.49999999999997},{"NodeID":2,"X":-89.0,"Y":-128.49999999999997},{"NodeID":3,"X":119.0,"Y":-143.5},{"NodeID":7,"X":119.0,"Y":-9.5}]}