{"EditorX":-639.1460137230367,"EditorY":-323.32876378367604,"EditorZ":2.0,"Nodes":[{"NodeID":1,"X":-639.0,"Y":-231.0},{"NodeID":2,"X":87.0,"Y":-127.0},{"NodeID":3,"X":-424.0,"Y":-201.0},{"NodeID":4,"X":-143.0,"Y":-128.0}]}