{"EditorX":-631.0073812869621,"EditorY":-410.61567242750783,"EditorZ":1.2599210498948743,"Nodes":[{"NodeID":1,"X":-520.0,"Y":-205.0},{"NodeID":2,"X":-18.0,"Y":-112.0},{"NodeID":3,"X":-286.0,"Y":-171.0},{"NodeID":4,"X":-291.0,"Y":-423.0}]}