{"EditorX":-736.6912534335744,"EditorY":-344.457379682725,"EditorZ":1.2599210498948743,"Nodes":[{"NodeID":0,"X":-607.0,"Y":23.0},{"NodeID":5,"X":-62.0,"Y":19.0},{"NodeID":6,"X":-55.0,"Y":-290.0},{"NodeID":8,"X":-321.0,"Y":-22.0}]}