{"EditorX":-1854.1476455637876,"EditorY":-428.3530285933397,"EditorZ":0.7937005259841005,"Nodes":[{"NodeID":0,"X":-1490.5,"Y":-31.499999999999964},{"NodeID":103,"X":-1282.5,"Y":-68.99999999999997},{"NodeID":104,"X":-1066.5,"Y":-166.5},{"NodeID":110,"X":-718.0,"Y":-134.0}]}