{"EditorX":-1085.8854918660504,"EditorY":-477.01147704920993,"EditorZ":1.2593161910135051,"Nodes":[{"NodeID":1,"X":-1044.0,"Y":-396.0},{"NodeID":2,"X":-411.0,"Y":-292.0},{"NodeID":3,"X":-841.0,"Y":-349.0}]}