{"EditorX":-520.5,"EditorY":-206.0,"EditorZ":2.0,"Nodes":[{"NodeID":0,"X":-383.0,"Y":-31.499999999999986},{"NodeID":1,"X":199.0,"Y":-31.50000000000002},{"NodeID":2,"X":-175.0,"Y":-120.0}]}