{"EditorX":-492.25,"EditorY":-192.25,"EditorZ":2.0,"Nodes":[{"NodeID":0,"X":-196.0,"Y":-31.499999999999993},{"NodeID":1,"X":12.0,"Y":-31.500000000000007}]}