{"EditorX":-537.3463021567604,"EditorY":-230.7183153844412,"EditorZ":1.5874010519681996,"Nodes":[{"NodeID":1,"X":-95.0,"Y":-31.5},{"NodeID":3,"X":119.0,"Y":-31.500000000000014},{"NodeID":7,"X":-303.0,"Y":-31.499999999999986}]}