{"EditorX":-520.5,"EditorY":-206.0,"EditorZ":2.0,"Nodes":[{"NodeID":1,"X":-276.5,"Y":-21.999999999999996},{"NodeID":2,"X":127.5,"Y":-30.00000000000002},{"NodeID":4,"X":-126.5,"Y":-76.5}]}