{"EditorX":-729.5782933306864,"EditorY":-193.0261424991599,"EditorZ":1.2599210498948739,"Nodes":[{"NodeID":0,"X":-427.1875,"Y":-31.49999999999998},{"NodeID":1,"X":-217.5,"Y":-249.0},{"NodeID":4,"X":133.1875,"Y":-84.50000000000003}]}